4,Mme,Duffyn,Sindee,8666391574,sduffyn3@instagram.com,1988-03-08
5,Mme,Tibbles,Shae,9603703395,stibbles4@icq.com,1990-12-04
6,Mme,Ransom,Bea,2666962965,bransom5@over-blog.com,1991-11-05
7,Mr,O'Hearn,Siward,4104051004,sohearn6@apache.org,2001-10-06
8,Mme,Adamczyk,Sal,6251168868,sadamczyk7@xinhuanet.com,1984-09-30
9,Mr,Sorrell,Wiatt,7344417023,wsorrell8@yahoo.com,1995-07-07
10,Mr,Conibere,Barrie,2872909614,bconibere9@dailymail.co.uk,1995-12-11
11,Mr,Kubera,Thomas,8931212658,tkuberaa@nba.com,1990-10-07
12,Mme,Wedlake,Carrissa,6853547535,cwedlakeb@cbslocal.com,1984-03-08
13,Mme,Pirie,Katrina,2969220285,kpiriec@ehow.com,1980-11-15
14,Mr,Graddell,Vite,2973920477,vgraddelld@ucsd.edu,2002-04-08
15,Mr,Daddow,Weston,3333231070,wdaddowe@woothemes.com,1985-04-03
16,Mme,Djekovic,Luciana,5399302324,ldjekovicf@shinystat.com,1989-07-22
17,Mme,Brogini,Tommy,7924634016,tbroginig@ucoz.ru,1984-04-11
18,Mr,Sheehan,Mortie,3004723161,msheehanh@amazon.com,1989-09-11
19,Mme,Knoles,Lynnet,3074300644,lknolesi@redcross.org,1986-05-19
20,Mr,Champain,Tracey,8346494050,tchampainj@vimeo.com,2001-08-19
